Key,Source,Line,LegacyType,OwnerTask,TargetClassification
ECS/Events/AchievementEvents.cs#AchievementCompletedEvent,ECS/Events/AchievementEvents.cs,7,AchievementCompletedEvent,ECS-044,"Unmanaged event, command, or catalog data"
ECS/Events/AchievementEvents.cs#AchievementProgressUpdatedEvent,ECS/Events/AchievementEvents.cs,29,AchievementProgressUpdatedEvent,ECS-044,"Unmanaged event, command, or catalog data"
ECS/Events/AchievementEvents.cs#AchievementSeenEvent,ECS/Events/AchievementEvents.cs,43,AchievementSeenEvent,ECS-044,"Unmanaged event, command, or catalog data"
ECS/Events/AchievementSceneEvents.cs#AchievementAnimationComplete,ECS/Events/AchievementSceneEvents.cs,18,AchievementAnimationComplete,ECS-044,"Unmanaged event, command, or catalog data"
ECS/Events/AchievementSceneEvents.cs#AchievementAnimationsComplete,ECS/Events/AchievementSceneEvents.cs,50,AchievementAnimationsComplete,ECS-044,"Unmanaged event, command, or catalog data"
ECS/Events/AchievementSceneEvents.cs#AchievementGridItemHovered,ECS/Events/AchievementSceneEvents.cs,7,AchievementGridItemHovered,ECS-044,"Unmanaged event, command, or catalog data"
ECS/Events/AchievementSceneEvents.cs#AchievementRevealClickedEvent,ECS/Events/AchievementSceneEvents.cs,56,AchievementRevealClickedEvent,ECS-044,"Unmanaged event, command, or catalog data"
ECS/Events/AlertEvents.cs#AlertEvent,ECS/Events/AlertEvents.cs,7,AlertEvent,ECS-041,"Unmanaged event, command, or catalog data"
ECS/Events/AmbushEvents.cs#AmbushTimerExpired,ECS/Events/AmbushEvents.cs,9,AmbushTimerExpired,ECS-042,"Unmanaged event, command, or catalog data"
ECS/Events/AnimationEvents.cs#JigglePulseConfig,ECS/Events/AnimationEvents.cs,6,JigglePulseConfig,ECS-045,"Unmanaged event, command, or catalog data"
ECS/Events/AnimationEvents.cs#JigglePulseEvent,ECS/Events/AnimationEvents.cs,16,JigglePulseEvent,ECS-045,"Unmanaged event, command, or catalog data"
ECS/Events/AudioSettingsEvents.cs#AudioSettingsChangedEvent,ECS/Events/AudioSettingsEvents.cs,3,AudioSettingsChangedEvent,ECS-045,"Unmanaged event, command, or catalog data"
ECS/Events/BattleEvents.cs#ChangeBattleLocationEvent,ECS/Events/BattleEvents.cs,15,ChangeBattleLocationEvent,ECS-041,"Unmanaged event, command, or catalog data"
ECS/Events/BattlePhaseEvents.cs#BattlePhaseAnimationCompleteEvent,ECS/Events/BattlePhaseEvents.cs,17,BattlePhaseAnimationCompleteEvent,ECS-045,"Unmanaged event, command, or catalog data"
ECS/Events/BattlePhaseEvents.cs#ChangeBattlePhaseEvent,ECS/Events/BattlePhaseEvents.cs,5,ChangeBattlePhaseEvent,ECS-042,"Unmanaged event, command, or catalog data"
ECS/Events/BattlePhaseEvents.cs#ProceedToNextPhase,ECS/Events/BattlePhaseEvents.cs,13,ProceedToNextPhase,ECS-042,"Unmanaged event, command, or catalog data"
ECS/Events/BattlePhaseEvents.cs#ShowConfirmButtonEvent,ECS/Events/BattlePhaseEvents.cs,15,ShowConfirmButtonEvent,ECS-042,"Unmanaged event, command, or catalog data"
ECS/Events/BattlePhaseEvents.cs#ShowStartOfBattleAnimationEvent,ECS/Events/BattlePhaseEvents.cs,22,ShowStartOfBattleAnimationEvent,ECS-045,"Unmanaged event, command, or catalog data"
ECS/Events/BattlePhaseEvents.cs#ShowVictoryAnimationEvent,ECS/Events/BattlePhaseEvents.cs,24,ShowVictoryAnimationEvent,ECS-045,"Unmanaged event, command, or catalog data"
ECS/Events/BattlePhaseEvents.cs#ShuffleDeckAnimationCompleted,ECS/Events/BattlePhaseEvents.cs,35,ShuffleDeckAnimationCompleted,ECS-045,"Unmanaged event, command, or catalog data"
ECS/Events/BattlePhaseEvents.cs#ShuffleDeckAnimationRequested,ECS/Events/BattlePhaseEvents.cs,28,ShuffleDeckAnimationRequested,ECS-044,"Unmanaged event, command, or catalog data"
ECS/Events/BattlePhaseEvents.cs#VictoryAnimationCompleteEvent,ECS/Events/BattlePhaseEvents.cs,26,VictoryAnimationCompleteEvent,ECS-045,"Unmanaged event, command, or catalog data"
ECS/Events/BlockEvents.cs#AssignedBlockReturnCompleted,ECS/Events/BlockEvents.cs,19,AssignedBlockReturnCompleted,ECS-042,"Unmanaged event, command, or catalog data"
ECS/Events/BlockEvents.cs#BlockAssignmentAdded,ECS/Events/BlockEvents.cs,5,BlockAssignmentAdded,ECS-042,"Unmanaged event, command, or catalog data"
ECS/Events/BlockEvents.cs#BlockAssignmentRemoved,ECS/Events/BlockEvents.cs,12,BlockAssignmentRemoved,ECS-042,"Unmanaged event, command, or catalog data"
ECS/Events/BlockEvents.cs#ReserveAssignedBlockReturnRequested,ECS/Events/BlockEvents.cs,24,ReserveAssignedBlockReturnRequested,ECS-044,"Unmanaged event, command, or catalog data"
ECS/Events/CardEvents.cs#ActivateEquipmentRequested,ECS/Events/CardEvents.cs,613,ActivateEquipmentRequested,ECS-044,"Unmanaged event, command, or catalog data"
ECS/Events/CardEvents.cs#ApplyCardApplicationEvent,ECS/Events/CardEvents.cs,687,ApplyCardApplicationEvent,ECS-041,"Unmanaged event, command, or catalog data"
ECS/Events/CardEvents.cs#ApplyPledgeToCardRequested,ECS/Events/CardEvents.cs,397,ApplyPledgeToCardRequested,ECS-044,"Unmanaged event, command, or catalog data"
ECS/Events/CardEvents.cs#ApplyRecoilEvent,ECS/Events/CardEvents.cs,729,ApplyRecoilEvent,ECS-041,"Unmanaged event, command, or catalog data"
ECS/Events/CardEvents.cs#AssignCardAsBlockRequested,ECS/Events/CardEvents.cs,603,AssignCardAsBlockRequested,ECS-044,"Unmanaged event, command, or catalog data"
ECS/Events/CardEvents.cs#AssignEquipmentAsBlockRequested,ECS/Events/CardEvents.cs,608,AssignEquipmentAsBlockRequested,ECS-044,"Unmanaged event, command, or catalog data"
ECS/Events/CardEvents.cs#CantPlayCardMessage,ECS/Events/CardEvents.cs,428,CantPlayCardMessage,ECS-041,"Unmanaged event, command, or catalog data"
ECS/Events/CardEvents.cs#CardBaseRenderCompletedEvent,ECS/Events/CardEvents.cs,65,CardBaseRenderCompletedEvent,ECS-045,"Unmanaged event, command, or catalog data"
ECS/Events/CardEvents.cs#CardBaseRenderStartedEvent,ECS/Events/CardEvents.cs,54,CardBaseRenderStartedEvent,ECS-045,"Unmanaged event, command, or catalog data"
ECS/Events/CardEvents.cs#CardBlockedEvent,ECS/Events/CardEvents.cs,781,CardBlockedEvent,ECS-042,"Unmanaged event, command, or catalog data"
ECS/Events/CardEvents.cs#CardDiscardedForCostEvent,ECS/Events/CardEvents.cs,786,CardDiscardedForCostEvent,ECS-041,"Unmanaged event, command, or catalog data"
ECS/Events/CardEvents.cs#CardHighlightRenderEvent,ECS/Events/CardEvents.cs,89,CardHighlightRenderEvent,ECS-045,"Unmanaged event, command, or catalog data"
ECS/Events/CardEvents.cs#CardInHandHoveredEvent,ECS/Events/CardEvents.cs,657,CardInHandHoveredEvent,ECS-041,"Unmanaged event, command, or catalog data"
ECS/Events/CardEvents.cs#CardListModalCardSelectedEvent,ECS/Events/CardEvents.cs,163,CardListModalCardSelectedEvent,ECS-041,"Unmanaged event, command, or catalog data"
ECS/Events/CardEvents.cs#CardListSelectionContexts,ECS/Events/CardEvents.cs,156,CardListSelectionContexts,ECS-041,"Unmanaged event, command, or catalog data"
ECS/Events/CardEvents.cs#CardMoveFinalizeRequested,ECS/Events/CardEvents.cs,307,CardMoveFinalizeRequested,ECS-044,"Unmanaged event, command, or catalog data"
ECS/Events/CardEvents.cs#CardMoveRequested,ECS/Events/CardEvents.cs,262,CardMoveRequested,ECS-044,"Unmanaged event, command, or catalog data"
ECS/Events/CardEvents.cs#CardMoved,ECS/Events/CardEvents.cs,275,CardMoved,ECS-041,"Unmanaged event, command, or catalog data"
ECS/Events/CardEvents.cs#CardPlayedEvent,ECS/Events/CardEvents.cs,769,CardPlayedEvent,ECS-041,"Unmanaged event, command, or catalog data"
ECS/Events/CardEvents.cs#CardRenderEvent,ECS/Events/CardEvents.cs,13,CardRenderEvent,ECS-045,"Unmanaged event, command, or catalog data"
ECS/Events/CardEvents.cs#CardRenderScaledEvent,ECS/Events/CardEvents.cs,23,CardRenderScaledEvent,ECS-045,"Unmanaged event, command, or catalog data"
ECS/Events/CardEvents.cs#CardRenderScaledRotatedEvent,ECS/Events/CardEvents.cs,44,CardRenderScaledRotatedEvent,ECS-045,"Unmanaged event, command, or catalog data"
ECS/Events/CardEvents.cs#CardRestrictionMutationAnimationRequested,ECS/Events/CardEvents.cs,695,CardRestrictionMutationAnimationRequested,ECS-044,"Unmanaged event, command, or catalog data"
ECS/Events/CardEvents.cs#CardShaderPassEvent,ECS/Events/CardEvents.cs,73,CardShaderPassEvent,ECS-041,"Unmanaged event, command, or catalog data"
ECS/Events/CardEvents.cs#CardUpgradeConfirmedEvent,ECS/Events/CardEvents.cs,776,CardUpgradeConfirmedEvent,ECS-041,"Unmanaged event, command, or catalog data"
ECS/Events/CardEvents.cs#CardsDrawnEvent,ECS/Events/CardEvents.cs,199,CardsDrawnEvent,ECS-041,"Unmanaged event, command, or catalog data"
ECS/Events/CardEvents.cs#ChangeMusicTrack,ECS/Events/CardEvents.cs,500,ChangeMusicTrack,ECS-045,"Unmanaged event, command, or catalog data"
ECS/Events/CardEvents.cs#CloseCardListModalEvent,ECS/Events/CardEvents.cs,161,CloseCardListModalEvent,ECS-041,"Unmanaged event, command, or catalog data"
ECS/Events/CardEvents.cs#ClosePayCostOverlayEvent,ECS/Events/CardEvents.cs,360,ClosePayCostOverlayEvent,ECS-041,"Unmanaged event, command, or catalog data"
ECS/Events/CardEvents.cs#ConfirmBlocksRequested,ECS/Events/CardEvents.cs,793,ConfirmBlocksRequested,ECS-044,"Unmanaged event, command, or catalog data"
ECS/Events/CardEvents.cs#DebugCommandEvent,ECS/Events/CardEvents.cs,105,DebugCommandEvent,ECS-041,"Unmanaged event, command, or catalog data"
ECS/Events/CardEvents.cs#DeckShuffleDrawEvent,ECS/Events/CardEvents.cs,173,DeckShuffleDrawEvent,ECS-041,"Unmanaged event, command, or catalog data"
ECS/Events/CardEvents.cs#DeckShuffleEvent,ECS/Events/CardEvents.cs,181,DeckShuffleEvent,ECS-041,"Unmanaged event, command, or catalog data"
ECS/Events/CardEvents.cs#DiscardAllCardsEvent,ECS/Events/CardEvents.cs,255,DiscardAllCardsEvent,ECS-041,"Unmanaged event, command, or catalog data"
ECS/Events/CardEvents.cs#DiscardMarkedForSpecificDiscardEvent,ECS/Events/CardEvents.cs,683,DiscardMarkedForSpecificDiscardEvent,ECS-041,"Unmanaged event, command, or catalog data"
ECS/Events/CardEvents.cs#DrawPileEmptyEvent,ECS/Events/CardEvents.cs,228,DrawPileEmptyEvent,ECS-041,"Unmanaged event, command, or catalog data"
ECS/Events/CardEvents.cs#DrawRandomCardFromDiscardEvent,ECS/Events/CardEvents.cs,247,DrawRandomCardFromDiscardEvent,ECS-041,"Unmanaged event, command, or catalog data"
ECS/Events/CardEvents.cs#EndTurnDisplayEvent,ECS/Events/CardEvents.cs,648,EndTurnDisplayEvent,ECS-041,"Unmanaged event, command, or catalog data"
ECS/Events/CardEvents.cs#EndTurnRequested,ECS/Events/CardEvents.cs,791,EndTurnRequested,ECS-044,"Unmanaged event, command, or catalog data"
ECS/Events/CardEvents.cs#EquipmentAbilityTriggered,ECS/Events/CardEvents.cs,436,EquipmentAbilityTriggered,ECS-043,"Unmanaged event, command, or catalog data"
ECS/Events/CardEvents.cs#EquipmentActivated,ECS/Events/CardEvents.cs,462,EquipmentActivated,ECS-043,"Unmanaged event, command, or catalog data"
ECS/Events/CardEvents.cs#EquipmentDestroyed,ECS/Events/CardEvents.cs,454,EquipmentDestroyed,ECS-043,"Unmanaged event, command, or catalog data"
ECS/Events/CardEvents.cs#EquipmentHighlightRenderEvent,ECS/Events/CardEvents.cs,90,EquipmentHighlightRenderEvent,ECS-045,"Unmanaged event, command, or catalog data"
ECS/Events/CardEvents.cs#EquipmentUseResolved,ECS/Events/CardEvents.cs,445,EquipmentUseResolved,ECS-043,"Unmanaged event, command, or catalog data"
ECS/Events/CardEvents.cs#HandLayoutEvent,ECS/Events/CardEvents.cs,95,HandLayoutEvent,ECS-041,"Unmanaged event, command, or catalog data"
ECS/Events/CardEvents.cs#HighlightRenderEvent,ECS/Events/CardEvents.cs,81,HighlightRenderEvent,ECS-045,"Unmanaged event, command, or catalog data"
ECS/Events/CardEvents.cs#HotKeyHoldCompletedEvent,ECS/Events/CardEvents.cs,593,HotKeyHoldCompletedEvent,ECS-041,"Unmanaged event, command, or catalog data"
ECS/Events/CardEvents.cs#IntimidateEvent,ECS/Events/CardEvents.cs,662,IntimidateEvent,ECS-041,"Unmanaged event, command, or catalog data"
ECS/Events/CardEvents.cs#MarkedForSpecificDiscardEvent,ECS/Events/CardEvents.cs,678,MarkedForSpecificDiscardEvent,ECS-041,"Unmanaged event, command, or catalog data"
ECS/Events/CardEvents.cs#MedalTriggered,ECS/Events/CardEvents.cs,470,MedalTriggered,ECS-043,"Unmanaged event, command, or catalog data"
ECS/Events/CardEvents.cs#MillCardEvent,ECS/Events/CardEvents.cs,626,MillCardEvent,ECS-041,"Unmanaged event, command, or catalog data"
ECS/Events/CardEvents.cs#ModifyActionPointsEvent,ECS/Events/CardEvents.cs,331,ModifyActionPointsEvent,ECS-041,"Unmanaged event, command, or catalog data"
ECS/Events/CardEvents.cs#ModifyCourageEvent,ECS/Events/CardEvents.cs,126,ModifyCourageEvent,ECS-041,"Unmanaged event, command, or catalog data"
ECS/Events/CardEvents.cs#ModifyCourageRequestEvent,ECS/Events/CardEvents.cs,113,ModifyCourageRequestEvent,ECS-044,"Unmanaged event, command, or catalog data"
ECS/Events/CardEvents.cs#ModifySealsEvent,ECS/Events/CardEvents.cs,759,ModifySealsEvent,ECS-041,"Unmanaged event, command, or catalog data"
ECS/Events/CardEvents.cs#MustBeBlockedEvent,ECS/Events/CardEvents.cs,672,MustBeBlockedEvent,ECS-042,"Unmanaged event, command, or catalog data"
ECS/Events/CardEvents.cs#OpenCardListModalEvent,ECS/Events/CardEvents.cs,147,OpenCardListModalEvent,ECS-041,"Unmanaged event, command, or catalog data"
ECS/Events/CardEvents.cs#OpenPayCostOverlayEvent,ECS/Events/CardEvents.cs,344,OpenPayCostOverlayEvent,ECS-041,"Unmanaged event, command, or catalog data"
ECS/Events/CardEvents.cs#PayCostCancelRequested,ECS/Events/CardEvents.cs,373,PayCostCancelRequested,ECS-044,"Unmanaged event, command, or catalog data"
ECS/Events/CardEvents.cs#PayCostCandidateClicked,ECS/Events/CardEvents.cs,365,PayCostCandidateClicked,ECS-041,"Unmanaged event, command, or catalog data"
ECS/Events/CardEvents.cs#PayCostSatisfied,ECS/Events/CardEvents.cs,379,PayCostSatisfied,ECS-041,"Unmanaged event, command, or catalog data"
ECS/Events/CardEvents.cs#PlayCardRequested,ECS/Events/CardEvents.cs,319,PlayCardRequested,ECS-044,"Unmanaged event, command, or catalog data"
ECS/Events/CardEvents.cs#PlayCardToDiscardAnimationRequested,ECS/Events/CardEvents.cs,287,PlayCardToDiscardAnimationRequested,ECS-044,"Unmanaged event, command, or catalog data"
ECS/Events/CardEvents.cs#PlayCardToDrawPileAnimationRequested,ECS/Events/CardEvents.cs,297,PlayCardToDrawPileAnimationRequested,ECS-044,"Unmanaged event, command, or catalog data"
ECS/Events/CardEvents.cs#PlaySfxEvent,ECS/Events/CardEvents.cs,573,PlaySfxEvent,ECS-045,"Unmanaged event, command, or catalog data"
ECS/Events/CardEvents.cs#PledgeAddedEvent,ECS/Events/CardEvents.cs,419,PledgeAddedEvent,ECS-041,"Unmanaged event, command, or catalog data"
ECS/Events/CardEvents.cs#PledgeCardRequested,ECS/Events/CardEvents.cs,388,PledgeCardRequested,ECS-044,"Unmanaged event, command, or catalog data"
ECS/Events/CardEvents.cs#PledgeRandomCardFromDiscardRequested,ECS/Events/CardEvents.cs,406,PledgeRandomCardFromDiscardRequested,ECS-044,"Unmanaged event, command, or catalog data"
ECS/Events/CardEvents.cs#QuestSelectRequested,ECS/Events/CardEvents.cs,617,QuestSelectRequested,ECS-044,"Unmanaged event, command, or catalog data"
ECS/Events/CardEvents.cs#RedrawHandEvent,ECS/Events/CardEvents.cs,142,RedrawHandEvent,ECS-041,"Unmanaged event, command, or catalog data"
ECS/Events/CardEvents.cs#RemoveCardApplication,ECS/Events/CardEvents.cs,701,RemoveCardApplication,ECS-041,"Unmanaged event, command, or catalog data"
ECS/Events/CardEvents.cs#RemoveCardApplications,ECS/Events/CardEvents.cs,707,RemoveCardApplications,ECS-041,"Unmanaged event, command, or catalog data"
ECS/Events/CardEvents.cs#RemovePledgeFromCardRequested,ECS/Events/CardEvents.cs,411,RemovePledgeFromCardRequested,ECS-044,"Unmanaged event, command, or catalog data"
ECS/Events/CardEvents.cs#RemoveRandomCardEvent,ECS/Events/CardEvents.cs,724,RemoveRandomCardEvent,ECS-041,"Unmanaged event, command, or catalog data"
ECS/Events/CardEvents.cs#RemoveTopCardFromDrawPileRequested,ECS/Events/CardEvents.cs,634,RemoveTopCardFromDrawPileRequested,ECS-044,"Unmanaged event, command, or catalog data"
ECS/Events/CardEvents.cs#RequestDrawCardsEvent,ECS/Events/CardEvents.cs,219,RequestDrawCardsEvent,ECS-044,"Unmanaged event, command, or catalog data"
ECS/Events/CardEvents.cs#ResetDeckEvent,ECS/Events/CardEvents.cs,190,ResetDeckEvent,ECS-041,"Unmanaged event, command, or catalog data"
ECS/Events/CardEvents.cs#SealCardsEvent,ECS/Events/CardEvents.cs,750,SealCardsEvent,ECS-041,"Unmanaged event, command, or catalog data"
ECS/Events/CardEvents.cs#SetActionPointsEvent,ECS/Events/CardEvents.cs,336,SetActionPointsEvent,ECS-041,"Unmanaged event, command, or catalog data"
ECS/Events/CardEvents.cs#SetCourageEvent,ECS/Events/CardEvents.cs,134,SetCourageEvent,ECS-041,"Unmanaged event, command, or catalog data"
ECS/Events/CardEvents.cs#ShackleEvent,ECS/Events/CardEvents.cs,667,ShackleEvent,ECS-041,"Unmanaged event, command, or catalog data"
ECS/Events/CardEvents.cs#ShuffleRandomCardsFromDiscardToDrawPileEvent,ECS/Events/CardEvents.cs,237,ShuffleRandomCardsFromDiscardToDrawPileEvent,ECS-041,"Unmanaged event, command, or catalog data"
ECS/Events/CardEvents.cs#ShuffleSealedIntoDrawPileEvent,ECS/Events/CardEvents.cs,767,ShuffleSealedIntoDrawPileEvent,ECS-041,"Unmanaged event, command, or catalog data"
ECS/Events/CardEvents.cs#StartOfTurnDrawResolvedEvent,ECS/Events/CardEvents.cs,208,StartOfTurnDrawResolvedEvent,ECS-041,"Unmanaged event, command, or catalog data"
ECS/Events/CardEvents.cs#StopMusic,ECS/Events/CardEvents.cs,512,StopMusic,ECS-045,"Unmanaged event, command, or catalog data"
ECS/Events/CardEvents.cs#StopSfxEvent,ECS/Events/CardEvents.cs,585,StopSfxEvent,ECS-045,"Unmanaged event, command, or catalog data"
ECS/Events/CardEvents.cs#TopCardRemovedForMillEvent,ECS/Events/CardEvents.cs,642,TopCardRemovedForMillEvent,ECS-041,"Unmanaged event, command, or catalog data"
ECS/Events/CardEvents.cs#UnassignCardAsBlockRequested,ECS/Events/CardEvents.cs,598,UnassignCardAsBlockRequested,ECS-044,"Unmanaged event, command, or catalog data"
ECS/Events/ClimbEvents.cs#ClimbCardMutationAnimationRequested,ECS/Events/ClimbEvents.cs,99,ClimbCardMutationAnimationRequested,ECS-044,"Unmanaged event, command, or catalog data"
ECS/Events/ClimbEvents.cs#ClimbCardUpgradeAnimationRequested,ECS/Events/ClimbEvents.cs,93,ClimbCardUpgradeAnimationRequested,ECS-044,"Unmanaged event, command, or catalog data"
ECS/Events/ClimbEvents.cs#ClimbEncounterSlotSelectedEvent,ECS/Events/ClimbEvents.cs,12,ClimbEncounterSlotSelectedEvent,ECS-044,"Unmanaged event, command, or catalog data"
ECS/Events/ClimbEvents.cs#ClimbEventContextIds,ECS/Events/ClimbEvents.cs,51,ClimbEventContextIds,ECS-044,"Unmanaged event, command, or catalog data"
ECS/Events/ClimbEvents.cs#ClimbEventSlotSelectedEvent,ECS/Events/ClimbEvents.cs,17,ClimbEventSlotSelectedEvent,ECS-044,"Unmanaged event, command, or catalog data"
ECS/Events/ClimbEvents.cs#ClimbLoadoutOpenRequestedEvent,ECS/Events/ClimbEvents.cs,89,ClimbLoadoutOpenRequestedEvent,ECS-044,"Unmanaged event, command, or catalog data"
ECS/Events/ClimbEvents.cs#ClimbPreviewClearedEvent,ECS/Events/ClimbEvents.cs,85,ClimbPreviewClearedEvent,ECS-044,"Unmanaged event, command, or catalog data"
ECS/Events/ClimbEvents.cs#ClimbPreviewStartedEvent,ECS/Events/ClimbEvents.cs,78,ClimbPreviewStartedEvent,ECS-044,"Unmanaged event, command, or catalog data"
ECS/Events/ClimbEvents.cs#ClimbResourceAcquisitionAnimationRequested,ECS/Events/ClimbEvents.cs,108,ClimbResourceAcquisitionAnimationRequested,ECS-044,"Unmanaged event, command, or catalog data"
ECS/Events/ClimbEvents.cs#ClimbResourceHeaderPulseRequested,ECS/Events/ClimbEvents.cs,113,ClimbResourceHeaderPulseRequested,ECS-044,"Unmanaged event, command, or catalog data"
ECS/Events/ClimbEvents.cs#ClimbShopSlotSelectedEvent,ECS/Events/ClimbEvents.cs,7,ClimbShopSlotSelectedEvent,ECS-044,"Unmanaged event, command, or catalog data"
ECS/Events/ClimbEvents.cs#DialogueSequenceCompleted,ECS/Events/ClimbEvents.cs,44,DialogueSequenceCompleted,ECS-044,"Unmanaged event, command, or catalog data"
ECS/Events/ClimbEvents.cs#DialogueSequenceRequested,ECS/Events/ClimbEvents.cs,36,DialogueSequenceRequested,ECS-044,"Unmanaged event, command, or catalog data"
ECS/Events/ClimbEvents.cs#NarrativeModalChoiceRequested,ECS/Events/ClimbEvents.cs,29,NarrativeModalChoiceRequested,ECS-044,"Unmanaged event, command, or catalog data"
ECS/Events/ClimbEvents.cs#NarrativeModalContent,ECS/Events/ClimbEvents.cs,22,NarrativeModalContent,ECS-044,"Unmanaged event, command, or catalog data"
ECS/Events/CombatEvents.cs#ApplyEffect,ECS/Events/CombatEvents.cs,21,ApplyEffect,ECS-042,"Unmanaged event, command, or catalog data"
ECS/Events/CombatEvents.cs#AttackResolved,ECS/Events/CombatEvents.cs,33,AttackResolved,ECS-042,"Unmanaged event, command, or catalog data"
ECS/Events/CombatEvents.cs#DebuffAnimationComplete,ECS/Events/CombatEvents.cs,68,DebuffAnimationComplete,ECS-045,"Unmanaged event, command, or catalog data"
ECS/Events/CombatEvents.cs#DialogEnded,ECS/Events/CombatEvents.cs,92,DialogEnded,ECS-044,"Unmanaged event, command, or catalog data"
ECS/Events/CombatEvents.cs#DialogSkipRequested,ECS/Events/CombatEvents.cs,97,DialogSkipRequested,ECS-044,"Unmanaged event, command, or catalog data"
ECS/Events/CombatEvents.cs#EnemyAbsorbComplete,ECS/Events/CombatEvents.cs,39,EnemyAbsorbComplete,ECS-042,"Unmanaged event, command, or catalog data"
ECS/Events/CombatEvents.cs#EnemyAttackImpactNow,ECS/Events/CombatEvents.cs,44,EnemyAttackImpactNow,ECS-042,"Unmanaged event, command, or catalog data"
ECS/Events/CombatEvents.cs#EnemyDamageAppliedEvent,ECS/Events/CombatEvents.cs,55,EnemyDamageAppliedEvent,ECS-042,"Unmanaged event, command, or catalog data"
ECS/Events/CombatEvents.cs#EnemyKilledEvent,ECS/Events/CombatEvents.cs,115,EnemyKilledEvent,ECS-042,"Unmanaged event, command, or catalog data"
ECS/Events/CombatEvents.cs#EnemyPhaseLethalEvent,ECS/Events/CombatEvents.cs,120,EnemyPhaseLethalEvent,ECS-042,"Unmanaged event, command, or catalog data"
ECS/Events/CombatEvents.cs#EnemyPhaseResetEvent,ECS/Events/CombatEvents.cs,127,EnemyPhaseResetEvent,ECS-042,"Unmanaged event, command, or catalog data"
ECS/Events/CombatEvents.cs#EquipmentActivateEvent,ECS/Events/CombatEvents.cs,110,EquipmentActivateEvent,ECS-043,"Unmanaged event, command, or catalog data"
ECS/Events/CombatEvents.cs#IntentPlanned,ECS/Events/CombatEvents.cs,9,IntentPlanned,ECS-042,"Unmanaged event, command, or catalog data"
ECS/Events/CombatEvents.cs#OnEnemyAttackHitEvent,ECS/Events/CombatEvents.cs,106,OnEnemyAttackHitEvent,ECS-042,"Unmanaged event, command, or catalog data"
ECS/Events/CombatEvents.cs#ResolveAttack,ECS/Events/CombatEvents.cs,17,ResolveAttack,ECS-042,"Unmanaged event, command, or catalog data"
ECS/Events/CombatEvents.cs#ResolvingEnemyDamageEvent,ECS/Events/CombatEvents.cs,48,ResolvingEnemyDamageEvent,ECS-042,"Unmanaged event, command, or catalog data"
ECS/Events/CombatEvents.cs#ShowStunnedOverlay,ECS/Events/CombatEvents.cs,74,ShowStunnedOverlay,ECS-042,"Unmanaged event, command, or catalog data"
ECS/Events/CombatEvents.cs#ShowTransition,ECS/Events/CombatEvents.cs,79,ShowTransition,ECS-045,"Unmanaged event, command, or catalog data"
ECS/Events/CombatEvents.cs#StartDebuffAnimation,ECS/Events/CombatEvents.cs,63,StartDebuffAnimation,ECS-045,"Unmanaged event, command, or catalog data"
ECS/Events/CombatEvents.cs#TransitionCompleteEvent,ECS/Events/CombatEvents.cs,87,TransitionCompleteEvent,ECS-045,"Unmanaged event, command, or catalog data"
ECS/Events/CombatEvents.cs#TriggerEnemyAttackDisplayEvent,ECS/Events/CombatEvents.cs,102,TriggerEnemyAttackDisplayEvent,ECS-042,"Unmanaged event, command, or catalog data"
ECS/Events/CurrencyEvents.cs#GoldChanged,ECS/Events/CurrencyEvents.cs,5,GoldChanged,ECS-044,"Unmanaged event, command, or catalog data"
ECS/Events/CurrencyEvents.cs#ModifyGoldRequestEvent,ECS/Events/CurrencyEvents.cs,13,ModifyGoldRequestEvent,ECS-044,"Unmanaged event, command, or catalog data"
ECS/Events/CursorEvents.cs#CursorStateEvent,ECS/Events/CursorEvents.cs,7,CursorStateEvent,ECS-041,"Unmanaged event, command, or catalog data"
ECS/Events/CursorEvents.cs#HotKeySelectEvent,ECS/Events/CursorEvents.cs,27,HotKeySelectEvent,ECS-041,"Unmanaged event, command, or catalog data"
ECS/Events/CursorEvents.cs#UIElementHoverEnteredEvent,ECS/Events/CursorEvents.cs,21,UIElementHoverEnteredEvent,ECS-041,"Unmanaged event, command, or catalog data"
ECS/Events/HideLocationNameEvent.cs#HideLocationNameEvent,ECS/Events/HideLocationNameEvent.cs,3,HideLocationNameEvent,ECS-045,"Unmanaged event, command, or catalog data"
ECS/Events/HpEvents.cs#ApplyBattleMaxHpEvent,ECS/Events/HpEvents.cs,52,ApplyBattleMaxHpEvent,ECS-042,"Unmanaged event, command, or catalog data"
ECS/Events/HpEvents.cs#FullyHealEvent,ECS/Events/HpEvents.cs,58,FullyHealEvent,ECS-042,"Unmanaged event, command, or catalog data"
ECS/Events/HpEvents.cs#HealEvent,ECS/Events/HpEvents.cs,84,HealEvent,ECS-042,"Unmanaged event, command, or catalog data"
ECS/Events/HpEvents.cs#IncreaseMaxHpEvent,ECS/Events/HpEvents.cs,46,IncreaseMaxHpEvent,ECS-042,"Unmanaged event, command, or catalog data"
ECS/Events/HpEvents.cs#ModifyHpEvent,ECS/Events/HpEvents.cs,27,ModifyHpEvent,ECS-042,"Unmanaged event, command, or catalog data"
ECS/Events/HpEvents.cs#ModifyHpRequestEvent,ECS/Events/HpEvents.cs,10,ModifyHpRequestEvent,ECS-044,"Unmanaged event, command, or catalog data"
ECS/Events/HpEvents.cs#PlayerDied,ECS/Events/HpEvents.cs,66,PlayerDied,ECS-042,"Unmanaged event, command, or catalog data"
ECS/Events/HpEvents.cs#RunEndSequenceRequested,ECS/Events/HpEvents.cs,80,RunEndSequenceRequested,ECS-044,"Unmanaged event, command, or catalog data"
ECS/Events/HpEvents.cs#SetHpEvent,ECS/Events/HpEvents.cs,40,SetHpEvent,ECS-042,"Unmanaged event, command, or catalog data"
ECS/Events/LoadoutEvents.cs#LoadoutCardAdded,ECS/Events/LoadoutEvents.cs,3,LoadoutCardAdded,ECS-044,"Unmanaged event, command, or catalog data"
ECS/Events/LoadoutEvents.cs#LoadoutCardRemoved,ECS/Events/LoadoutEvents.cs,10,LoadoutCardRemoved,ECS-044,"Unmanaged event, command, or catalog data"
ECS/Events/MedalEvents.cs#MedalActivateEvent,ECS/Events/MedalEvents.cs,5,MedalActivateEvent,ECS-043,"Unmanaged event, command, or catalog data"
ECS/Events/PassiveEvents.cs#ApplyPassiveEvent,ECS/Events/PassiveEvents.cs,10,ApplyPassiveEvent,ECS-043,"Unmanaged event, command, or catalog data"
ECS/Events/PassiveEvents.cs#FrostbiteTriggered,ECS/Events/PassiveEvents.cs,62,FrostbiteTriggered,ECS-043,"Unmanaged event, command, or catalog data"
ECS/Events/PassiveEvents.cs#PassiveTriggered,ECS/Events/PassiveEvents.cs,43,PassiveTriggered,ECS-043,"Unmanaged event, command, or catalog data"
ECS/Events/PassiveEvents.cs#RemoveAllPassives,ECS/Events/PassiveEvents.cs,34,RemoveAllPassives,ECS-043,"Unmanaged event, command, or catalog data"
ECS/Events/PassiveEvents.cs#RemovePassive,ECS/Events/PassiveEvents.cs,20,RemovePassive,ECS-043,"Unmanaged event, command, or catalog data"
ECS/Events/PassiveEvents.cs#TribulationTriggered,ECS/Events/PassiveEvents.cs,74,TribulationTriggered,ECS-043,"Unmanaged event, command, or catalog data"
ECS/Events/PassiveEvents.cs#UpdatePassive,ECS/Events/PassiveEvents.cs,51,UpdatePassive,ECS-043,"Unmanaged event, command, or catalog data"
ECS/Events/PlayerInputEvents.cs#PlayerCommandEvent,ECS/Events/PlayerInputEvents.cs,22,PlayerCommandEvent,ECS-040,"Unmanaged event, command, or catalog data"
ECS/Events/PlayerInputEvents.cs#PlayerInputEvent,ECS/Events/PlayerInputEvents.cs,17,PlayerInputEvent,ECS-040,"Unmanaged event, command, or catalog data"
ECS/Events/PlayerInputEvents.cs#SetPlayerInputEnabledEvent,ECS/Events/PlayerInputEvents.cs,28,SetPlayerInputEnabledEvent,ECS-040,"Unmanaged event, command, or catalog data"
ECS/Events/PlunderEvents.cs#PlunderCardEvent,ECS/Events/PlunderEvents.cs,17,PlunderCardEvent,ECS-041,"Unmanaged event, command, or catalog data"
ECS/Events/PlunderEvents.cs#PlunderDiscardAnimationRequested,ECS/Events/PlunderEvents.cs,75,PlunderDiscardAnimationRequested,ECS-044,"Unmanaged event, command, or catalog data"
ECS/Events/PlunderEvents.cs#PlunderForceDiscardEvent,ECS/Events/PlunderEvents.cs,86,PlunderForceDiscardEvent,ECS-041,"Unmanaged event, command, or catalog data"
ECS/Events/PlunderEvents.cs#PlunderRescueAnimationCompleted,ECS/Events/PlunderEvents.cs,66,PlunderRescueAnimationCompleted,ECS-045,"Unmanaged event, command, or catalog data"
ECS/Events/PlunderEvents.cs#PlunderRescueAnimationRequested,ECS/Events/PlunderEvents.cs,56,PlunderRescueAnimationRequested,ECS-044,"Unmanaged event, command, or catalog data"
ECS/Events/PlunderEvents.cs#PlunderRescueEvent,ECS/Events/PlunderEvents.cs,26,PlunderRescueEvent,ECS-041,"Unmanaged event, command, or catalog data"
ECS/Events/PlunderEvents.cs#PlunderSnatchAnimationCompleted,ECS/Events/PlunderEvents.cs,46,PlunderSnatchAnimationCompleted,ECS-045,"Unmanaged event, command, or catalog data"
ECS/Events/PlunderEvents.cs#PlunderSnatchAnimationRequested,ECS/Events/PlunderEvents.cs,35,PlunderSnatchAnimationRequested,ECS-044,"Unmanaged event, command, or catalog data"
ECS/Events/PlunderEvents.cs#PlunderTriggerEvent,ECS/Events/PlunderEvents.cs,9,PlunderTriggerEvent,ECS-041,"Unmanaged event, command, or catalog data"
ECS/Events/PoisonEvents.cs#PoisonDamageEvent,ECS/Events/PoisonEvents.cs,5,PoisonDamageEvent,ECS-043,"Unmanaged event, command, or catalog data"
ECS/Events/ReplacementEffectEvents.cs#IReplacementEffectProvider,ECS/Events/ReplacementEffectEvents.cs,16,IReplacementEffectProvider,ECS-043,Generated provider/routing contract
ECS/Events/ReplacementEffectEvents.cs#ReplaceableEffectRequest,ECS/Events/ReplacementEffectEvents.cs,21,ReplaceableEffectRequest,ECS-044,"Unmanaged event, command, or catalog data"
ECS/Events/ReplacementEffectEvents.cs#ReplacementEffectAction,ECS/Events/ReplacementEffectEvents.cs,35,ReplacementEffectAction,ECS-043,"Unmanaged event, command, or catalog data"
ECS/Events/RumbleEvents.cs#RumbleGroupCleared,ECS/Events/RumbleEvents.cs,17,RumbleGroupCleared,ECS-045,"Unmanaged event, command, or catalog data"
ECS/Events/RumbleEvents.cs#RumbleRequested,ECS/Events/RumbleEvents.cs,5,RumbleRequested,ECS-044,"Unmanaged event, command, or catalog data"
ECS/Events/RumbleEvents.cs#RumbleSettingsChangedEvent,ECS/Events/RumbleEvents.cs,12,RumbleSettingsChangedEvent,ECS-045,"Unmanaged event, command, or catalog data"
ECS/Events/SceneEvents.cs#BoosterPackOpeningDismissedEvent,ECS/Events/SceneEvents.cs,103,BoosterPackOpeningDismissedEvent,ECS-044,"Unmanaged event, command, or catalog data"
ECS/Events/SceneEvents.cs#ClaimPendingClimbPointsEvent,ECS/Events/SceneEvents.cs,108,ClaimPendingClimbPointsEvent,ECS-044,"Unmanaged event, command, or catalog data"
ECS/Events/SceneEvents.cs#ClimbEndedEvent,ECS/Events/SceneEvents.cs,116,ClimbEndedEvent,ECS-044,"Unmanaged event, command, or catalog data"
ECS/Events/SceneEvents.cs#ClimbPointsSegmentAwardedEvent,ECS/Events/SceneEvents.cs,110,ClimbPointsSegmentAwardedEvent,ECS-044,"Unmanaged event, command, or catalog data"
ECS/Events/SceneEvents.cs#CloseBoosterPackOpeningOverlayEvent,ECS/Events/SceneEvents.cs,101,CloseBoosterPackOpeningOverlayEvent,ECS-044,"Unmanaged event, command, or catalog data"
ECS/Events/SceneEvents.cs#DeleteCachesEvent,ECS/Events/SceneEvents.cs,65,DeleteCachesEvent,ECS-040,"Unmanaged event, command, or catalog data"
ECS/Events/SceneEvents.cs#LoadSceneEvent,ECS/Events/SceneEvents.cs,17,LoadSceneEvent,ECS-040,"Unmanaged event, command, or catalog data"
ECS/Events/SceneEvents.cs#NarrativeEventOverlayClosedEvent,ECS/Events/SceneEvents.cs,131,NarrativeEventOverlayClosedEvent,ECS-040,"Unmanaged event, command, or catalog data"
ECS/Events/SceneEvents.cs#OpenWayStationClimbSettingsModalEvent,ECS/Events/SceneEvents.cs,9,OpenWayStationClimbSettingsModalEvent,ECS-044,"Unmanaged event, command, or catalog data"
ECS/Events/SceneEvents.cs#OpenWayStationSaintsMedalsModalEvent,ECS/Events/SceneEvents.cs,10,OpenWayStationSaintsMedalsModalEvent,ECS-040,"Unmanaged event, command, or catalog data"
ECS/Events/SceneEvents.cs#PrepareMusicTrackEvent,ECS/Events/SceneEvents.cs,60,PrepareMusicTrackEvent,ECS-040,"Unmanaged event, command, or catalog data"
ECS/Events/SceneEvents.cs#PrepareSceneEvent,ECS/Events/SceneEvents.cs,29,PrepareSceneEvent,ECS-040,"Unmanaged event, command, or catalog data"
ECS/Events/SceneEvents.cs#QuestSelected,ECS/Events/SceneEvents.cs,67,QuestSelected,ECS-044,"Unmanaged event, command, or catalog data"
ECS/Events/SceneEvents.cs#SceneActivated,ECS/Events/SceneEvents.cs,54,SceneActivated,ECS-040,"Unmanaged event, command, or catalog data"
ECS/Events/SceneEvents.cs#SceneActivating,ECS/Events/SceneEvents.cs,47,SceneActivating,ECS-040,"Unmanaged event, command, or catalog data"
ECS/Events/SceneEvents.cs#SceneDeactivating,ECS/Events/SceneEvents.cs,41,SceneDeactivating,ECS-040,"Unmanaged event, command, or catalog data"
ECS/Events/SceneEvents.cs#ScenePreparationReady,ECS/Events/SceneEvents.cs,35,ScenePreparationReady,ECS-040,"Unmanaged event, command, or catalog data"
ECS/Events/SceneEvents.cs#SceneTransitionRequested,ECS/Events/SceneEvents.cs,22,SceneTransitionRequested,ECS-044,"Unmanaged event, command, or catalog data"
ECS/Events/SceneEvents.cs#ShowBoosterPackOpeningOverlayEvent,ECS/Events/SceneEvents.cs,96,ShowBoosterPackOpeningOverlayEvent,ECS-044,"Unmanaged event, command, or catalog data"
ECS/Events/SceneEvents.cs#ShowNarrativeEventOverlay,ECS/Events/SceneEvents.cs,123,ShowNarrativeEventOverlay,ECS-040,"Unmanaged event, command, or catalog data"
ECS/Events/SceneEvents.cs#ShowQuestRewardOverlay,ECS/Events/SceneEvents.cs,74,ShowQuestRewardOverlay,ECS-044,"Unmanaged event, command, or catalog data"
ECS/Events/SceneEvents.cs#StartBattleRequested,ECS/Events/SceneEvents.cs,8,StartBattleRequested,ECS-044,"Unmanaged event, command, or catalog data"
ECS/Events/SceneEvents.cs#TreasureChestOpened,ECS/Events/SceneEvents.cs,89,TreasureChestOpened,ECS-040,"Unmanaged event, command, or catalog data"
ECS/Events/SceneEvents.cs#WayStationDialoguePoiSelectedEvent,ECS/Events/SceneEvents.cs,12,WayStationDialoguePoiSelectedEvent,ECS-044,"Unmanaged event, command, or catalog data"
ECS/Events/ShockwaveEvents.cs#RectangularShockwaveEvent,ECS/Events/ShockwaveEvents.cs,17,RectangularShockwaveEvent,ECS-045,"Unmanaged event, command, or catalog data"
ECS/Events/ShockwaveEvents.cs#ShockwaveEvent,ECS/Events/ShockwaveEvents.cs,5,ShockwaveEvent,ECS-045,"Unmanaged event, command, or catalog data"
ECS/Events/ShopEvents.cs#OpenRunShopRequested,ECS/Events/ShopEvents.cs,12,OpenRunShopRequested,ECS-044,"Unmanaged event, command, or catalog data"
ECS/Events/ShopEvents.cs#SetShopTitle,ECS/Events/ShopEvents.cs,5,SetShopTitle,ECS-044,"Unmanaged event, command, or catalog data"
ECS/Events/TemperanceEvents.cs#ModifyTemperanceEvent,ECS/Events/TemperanceEvents.cs,9,ModifyTemperanceEvent,ECS-043,"Unmanaged event, command, or catalog data"
ECS/Events/TemperanceEvents.cs#SetTemperanceEvent,ECS/Events/TemperanceEvents.cs,13,SetTemperanceEvent,ECS-043,"Unmanaged event, command, or catalog data"
ECS/Events/TemperanceEvents.cs#TriggerTemperance,ECS/Events/TemperanceEvents.cs,22,TriggerTemperance,ECS-043,"Unmanaged event, command, or catalog data"
ECS/Events/ThreatEvents.cs#ModifyThreatEvent,ECS/Events/ThreatEvents.cs,8,ModifyThreatEvent,ECS-042,"Unmanaged event, command, or catalog data"
ECS/Events/ThreatEvents.cs#SetThreatEvent,ECS/Events/ThreatEvents.cs,17,SetThreatEvent,ECS-042,"Unmanaged event, command, or catalog data"
ECS/Events/TrackingEvents.cs#TrackingEvent,ECS/Events/TrackingEvents.cs,9,TrackingEvent,ECS-041,"Unmanaged event, command, or catalog data"
ECS/Events/TutorialEvents.cs#AdvanceTutorialEvent,ECS/Events/TutorialEvents.cs,29,AdvanceTutorialEvent,ECS-044,"Unmanaged event, command, or catalog data"
ECS/Events/TutorialEvents.cs#AllTutorialsCompletedEvent,ECS/Events/TutorialEvents.cs,24,AllTutorialsCompletedEvent,ECS-044,"Unmanaged event, command, or catalog data"
ECS/Events/TutorialEvents.cs#GuidedTutorialRestartRequested,ECS/Events/TutorialEvents.cs,34,GuidedTutorialRestartRequested,ECS-044,"Unmanaged event, command, or catalog data"
ECS/Events/TutorialEvents.cs#GuidedTutorialSkipRequested,ECS/Events/TutorialEvents.cs,39,GuidedTutorialSkipRequested,ECS-044,"Unmanaged event, command, or catalog data"
ECS/Events/TutorialEvents.cs#TutorialCompletedEvent,ECS/Events/TutorialEvents.cs,16,TutorialCompletedEvent,ECS-044,"Unmanaged event, command, or catalog data"
ECS/Events/TutorialEvents.cs#TutorialStartedEvent,ECS/Events/TutorialEvents.cs,8,TutorialStartedEvent,ECS-044,"Unmanaged event, command, or catalog data"
ECS/Events/UpdateLocationNameEvent.cs#UpdateLocationNameEvent,ECS/Events/UpdateLocationNameEvent.cs,3,UpdateLocationNameEvent,ECS-045,"Unmanaged event, command, or catalog data"
ECS/Events/VisualEffectEvents.cs#BattlePresentationCompleted,ECS/Events/VisualEffectEvents.cs,75,BattlePresentationCompleted,ECS-045,"Unmanaged event, command, or catalog data"
ECS/Events/VisualEffectEvents.cs#BattlePresentationStarted,ECS/Events/VisualEffectEvents.cs,68,BattlePresentationStarted,ECS-045,"Unmanaged event, command, or catalog data"
ECS/Events/VisualEffectEvents.cs#BeginDefeatPresentationEvent,ECS/Events/VisualEffectEvents.cs,9,BeginDefeatPresentationEvent,ECS-045,"Unmanaged event, command, or catalog data"
ECS/Events/VisualEffectEvents.cs#PixelBurstAnimationCompleted,ECS/Events/VisualEffectEvents.cs,26,PixelBurstAnimationCompleted,ECS-045,"Unmanaged event, command, or catalog data"
ECS/Events/VisualEffectEvents.cs#PixelBurstAnimationRequested,ECS/Events/VisualEffectEvents.cs,15,PixelBurstAnimationRequested,ECS-044,"Unmanaged event, command, or catalog data"
ECS/Events/VisualEffectEvents.cs#VisualEffectCompleted,ECS/Events/VisualEffectEvents.cs,57,VisualEffectCompleted,ECS-045,"Unmanaged event, command, or catalog data"
ECS/Events/VisualEffectEvents.cs#VisualEffectImpactReached,ECS/Events/VisualEffectEvents.cs,51,VisualEffectImpactReached,ECS-045,"Unmanaged event, command, or catalog data"
ECS/Events/VisualEffectEvents.cs#VisualEffectRequested,ECS/Events/VisualEffectEvents.cs,33,VisualEffectRequested,ECS-044,"Unmanaged event, command, or catalog data"
